{"Savoyenstra e 2 16 Ottakring 1160 Vienna Austria": 48.22014604612261, "23 Rue Damr mont 18th arr 75018 Paris France": 48.888882989477764, "Josefst dter Stra e 10 12 08 Josefstadt 1080 Vienna Austria": 48.209362601958844, "W hringer Stra e 33 35 09 Alsergrund 1090 Vienna Austria": 48.22035873691567, "4 rue de la P pini re 8th arr 75008 Paris France": 48.8501060003648, "Sieveringer Stra e 4 19 D bling 1190 Vienna Austria": 48.24601347942186, "Taborstra e 8 A 02 Leopoldstadt 1020 Vienna Austria": 48.21359822909051, "Bail n 4 6 Eixample 08010 Barcelona Spain": 41.388960000000054, "Gr nentorgasse 30 09 Alsergrund 1090 Vienna Austria": 48.22088113903109, "Landstra er G rtel 5 03 Landstra e 1030 Vienna Austria": 48.19420500000007, "Paragonstra e 1 11 Simmering 1110 Vienna Austria": 48.18674910729135, "W hringer Stra e 12 09 Alsergrund 1090 Vienna Austria": 48.216748818856075, "20 Rue De La Ga t 14th arr 75014 Paris France": 48.83353307398023, "Hasenauerstra e 12 19 D bling 1190 Vienna Austria": 48.23347197297656, "Sep lveda 180 Eixample 08011 Barcelona Spain": 41.38331998669696, "Pau Clar s 122 Eixample 08009 Barcelona Spain": 41.388960000000054, "Josefst dter Stra e 22 08 Josefstadt 1080 Vienna Austria": 48.20948120588878}