{"Savoyenstra e 2 16 Ottakring 1160 Vienna Austria": 16.285133630170094, "23 Rue Damr mont 18th arr 75018 Paris France": 2.3331820416884455, "Josefst dter Stra e 10 12 08 Josefstadt 1080 Vienna Austria": 16.353361651465917, "W hringer Stra e 33 35 09 Alsergrund 1090 Vienna Austria": 16.355847388671634, "4 rue de la P pini re 8th arr 75008 Paris France": 2.4107250396212123, "Sieveringer Stra e 4 19 D bling 1190 Vienna Austria": 16.341240832741022, "Taborstra e 8 A 02 Leopoldstadt 1020 Vienna Austria": 16.379886686978807, "Bail n 4 6 Eixample 08010 Barcelona Spain": 2.161790000000053, "Gr nentorgasse 30 09 Alsergrund 1090 Vienna Austria": 16.366610841996334, "Landstra er G rtel 5 03 Landstra e 1030 Vienna Austria": 16.396045618000073, "Paragonstra e 1 11 Simmering 1110 Vienna Austria": 16.420573869915955, "W hringer Stra e 12 09 Alsergrund 1090 Vienna Austria": 16.35991244407367, "20 Rue De La Ga t 14th arr 75014 Paris France": 2.319323199212898, "Hasenauerstra e 12 19 D bling 1190 Vienna Austria": 16.345620796245356, "Sep lveda 180 Eixample 08011 Barcelona Spain": 2.1628300017504216, "Pau Clar s 122 Eixample 08009 Barcelona Spain": 2.161790000000053, "Josefst dter Stra e 22 08 Josefstadt 1080 Vienna Austria": 16.35145418176029}